Workbook

Sheet Practice
A1: Date | B1: Customer | C1: Category | D1: Amount | E1: Tax Rate | F1: Status | G1: Notes | H1: Tax | I1: Net Amount | J1: Day of Week | K1: Value Tier
A2: 45485 | B2: Customer_1 | C2: Groceries | D2: 855.16 | E2: 0.08 | F2: Pending | G2: Late delivery | H2: =D2*$E$2 -> 68.4128 | I2: =D2-H2 -> 786.7472 | J2: =TEXT(Sheet1[[#This Row],[Date]],"dddd") -> Friday | K2: =IF(Sheet1[[#This Row],[Amount]]>1000,"High Value","Low Value") -> Low Value
A3: 45350 | B3: Customer_2 | C3: Clothing | D3: 2173.913 | E3: 0.08 | F3: Unpaid | G3: Discount applied | H3: =D3*$E$2 -> 173.91304 | I3: =D3-H3 -> 2000 | J3: =TEXT(Sheet1[[#This Row],[Date]],"dddd") -> Wednesday | K3: =IF(Sheet1[[#This Row],[Amount]]>1000,"High Value","Low Value") -> High Value
A4: 45437 | B4: Customer_3 | C4: Clothing | D4: 1612.8 | E4: 0.08 | F4: Unpaid | G4: Follow up | H4: =D4*$E$2 -> 129.024 | I4: =D4-H4 -> 1483.776 | J4: =TEXT(Sheet1[[#This Row],[Date]],"dddd") -> Saturday | K4: =IF(Sheet1[[#This Row],[Amount]]>1000,"High Value","Low Value") -> High Value
A5: 45523 | B5: Customer_4 | C5: Toys | D5: 873.08 | E5: 0.08 | F5: Unpaid | G5: None | H5: =D5*$E$2 -> 69.8464 | I5: =D5-H5 -> 803.2336 | J5: =TEXT(Sheet1[[#This Row],[Date]],"dddd") -> Monday | K5: =IF(Sheet1[[#This Row],[Amount]]>1000,"High Value","Low Value") -> Low Value
A6: 45569 | B6: Customer_5 | C6: Electronics | D6: 909.99 | E6: 0.08 | F6: Unpaid | G6: Late delivery | H6: =D6*$E$2 -> 72.7992 | I6: =D6-H6 -> 837.1908 | J6: =TEXT(Sheet1[[#This Row],[Date]],"dddd") -> Friday | K6: =IF(Sheet1[[#This Row],[Amount]]>1000,"High Value","Low Value") -> Low Value
A7: 45450 | B7: Customer_6 | C7: Toys | D7: 2120.73 | E7: 0.08 | F7: Paid | G7: Discount applied | H7: =D7*$E$2 -> 169.6584 | I7: =D7-H7 -> 1951.0716 | J7: =TEXT(Sheet1[[#This Row],[Date]],"dddd") -> Friday | K7: =IF(Sheet1[[#This Row],[Amount]]>1000,"High Value","Low Value") -> High Value
A8: 45554 | B8: Customer_7 | C8: Electronics | D8: 2214.35 | E8: 0.08 | F8: Unpaid | G8: Follow up | H8: =D8*$E$2 -> 177.148 | I8: =D8-H8 -> 2037.202 | J8: =TEXT(Sheet1[[#This Row],[Date]],"dddd") -> Thursday | K8: =IF(Sheet1[[#This Row],[Amount]]>1000,"High Value","Low Value") -> High Value
A9: 45322 | B9: Customer_8 | C9: Groceries | D9: 407.02 | E9: 0.08 | F9: Paid | G9: Discount applied | H9: =D9*$E$2 -> 32.5616 | I9: =D9-H9 -> 374.4584 | J9: =TEXT(Sheet1[[#This Row],[Date]],"dddd") -> Wednesday | K9: =IF(Sheet1[[#This Row],[Amount]]>1000,"High Value","Low Value") -> Low Value
A10: 45484 | B10: Customer_9 | C10: Electronics | D10: 1012.03 | E10: 0.08 | F10: Unpaid | G10: None | H10: =D10*$E$2 -> 80.9624 | I10: =D10-H10 -> 931.0676 | J10: =TEXT(Sheet1[[#This Row],[Date]],"dddd") -> Thursday | K10: =IF(Sheet1[[#This Row],[Amount]]>1000,"High Value","Low Value") -> High Value
A11: 45390 | B11: Customer_10 | C11: Clothing | D11: 451.24 | E11: 0.08 | F11: Unpaid | G11: Discount applied | H11: =D11*$E$2 -> 36.0992 | I11: =D11-H11 -> 415.1408 | J11: =TEXT(Sheet1[[#This Row],[Date]],"dddd") -> Monday | K11: =IF(Sheet1[[#This Row],[Amount]]>1000,"High Value","Low Value") -> Low Value
A12: 45571 | B12: Customer_11 | C12: Toys | D12: 2099.05 | E12: 0.08 | F12: Pending | G12: None | H12: =D12*$E$2 -> 167.924 | I12: =D12-H12 -> 1931.126 | J12: =TEXT(Sheet1[[#This Row],[Date]],"dddd") -> Sunday | K12: =IF(Sheet1[[#This Row],[Amount]]>1000,"High Value","Low Value") -> High Value
A13: 45556 | B13: Customer_12 | C13: Furniture | D13: 377.31 | E13: 0.08 | F13: Pending | G13: None | H13: =D13*$E$2 -> 30.1848 | I13: =D13-H13 -> 347.1252 | J13: =TEXT(Sheet1[[#This Row],[Date]],"dddd") -> Saturday | K13: =IF(Sheet1[[#This Row],[Amount]]>1000,"High Value","Low Value") -> Low Value
... A51: 45532 | B51: Customer_50 | C51: Electronics | D51: 2118.61 | E51: 0.08 | F51: Pending | G51: None | H51: =D51*$E$2 -> 169.4888 | I51: =D51-H51 -> 1949.1212 | J51: =TEXT(Sheet1[[#This Row],[Date]],"dddd") -> Wednesday | K51: =IF(Sheet1[[#This Row],[Amount]]>1000,"High Value","Low Value") -> High Value
A53: Orders Paid: | B53: =COUNTIF(Sheet1[Status],"Paid") -> 17 | D53: Tax Rate | E53: Average Net Amount | F53: % Decrease from 8% | H53: * Notes: The amount needed to get a net amount of 2000 with 8% tax is 2173.91
A54: Furnitures: | B54: =SUMIF(Sheet1[Category],"Furniture",Sheet1[Amount]) -> 9695.89 | D54: 0.08 | E54: =AVERAGE(Sheet1[Net Amount]) -> 1146.9503 | F54: 0
A55: Average of Paid: | B55: =AVERAGEIF(Sheet1[Status],"Paid",Sheet1[Amount]) -> 1246.8665 | D55: 0.1 | E55: 1120.775 | F55: =(E$54-E55)/E$54 -> 0.022821579
D56: 0.12 | E56: 1095.8689 | F56: =(E$54-E56)/E$54 -> 0.044536655

Sheet Summary and Pivot Table
A1: Total Amount (Per Category) | B1: Amount | C1: Total Amount (Per Status) | D1: Amount
A2: Groceries | B2: =SUMIF(Practice!C$2:C$51,"Groceries",Practice!D$2:D$51) -> 7905.23 | C2: Pending | D2: =SUMIF(Practice!F$2:F$51,"Pending",Practice!D$2:D$51) -> 20499.64
A3: Clothing | B3: =SUMIF(Practice!C$2:C$51,"Clothing",Practice!D$2:D$51) -> 15246.133 | C3: Unpaid | D3: =SUMIF(Practice!F$2:F$51,"Unpaid",Practice!D$2:D$51) -> 20637.883
A4: Toys | B4: =SUMIF(Practice!C$2:C$51,"Toys",Practice!D$2:D$51) -> 16692.5 | C4: Paid | D4: =SUMIF(Practice!F$2:F$51,"Paid",Practice!D$2:D$51) -> 21196.73
A5: Electronics | B5: =SUMIF(Practice!C$2:C$51,"Electronics",Practice!D$2:D$51) -> 12794.5
A6: Furniture | B6: =SUMIF(Practice!C$2:C$51,"Furniture",Practice!D$2:D$51) -> 9695.89
A10: Total Amount by Category and Status | B10: Status
A11: Category | B11: Paid | C11: Pending | D11: Unpaid | E11: Grand Total
A12: Clothing | B12: 8730.14 | C12: 2221.11 | D12: 4225.91 | E12: 15177.16
A13: Electronics | B13: 3495.99 | C13: 3450.42 | D13: 5848.09 | E13: 12794.5
A14: Furniture | B14: 3141.37 | C14: 2759.02 | D14: 3795.5 | E14: 9695.89
A15: Groceries | B15: 1804.57 | C15: 4422.9 | D15: 1677.76 | E15: 7905.23
A16: Toys | B16: 4024.66 | C16: 7646.19 | D16: 5021.65 | E16: 16692.5
A17: Grand Total | B17: 21196.73 | C17: 20499.64 | D17: 20568.91 | E17: 62265.28
